"scientific_name","X.x","Syn","validName","overwintering.stage.x","voltinism.x","diurnality","notes.x","onsetProblems","offsetProblems","overwintering.stage.y","voltinism.y","notes.y","X.y","X.1"
"Lycaena heteronea",NA,NA,NA,NA,NA,NA,NA,NA,NA,NA,NA,NA,NA,NA
"Vanessa virginiensis",281,NA,"Vanessa virginiensis","A","M","D","","N","","A","M","",NA,""
"Catocala crataegi",NA,NA,NA,NA,NA,NA,NA,NA,NA,NA,NA,NA,NA,NA
"Colias interior",NA,NA,NA,NA,NA,NA,NA,NA,NA,"L","U","",NA,""
"Glaucopsyche lygdamus",NA,NA,NA,NA,NA,NA,NA,NA,NA,"P","U","",NA,""
"Lithophane antennata",NA,NA,NA,NA,NA,NA,NA,NA,NA,NA,NA,NA,NA,NA
"Catocala irene",NA,NA,NA,NA,NA,NA,NA,NA,NA,NA,NA,NA,NA,NA
"Euphydryas editha",NA,NA,NA,NA,NA,NA,NA,NA,NA,"L","U","",NA,""
"Asterocampa clyton",NA,NA,NA,NA,NA,NA,NA,NA,NA,"L","F","",NA,""
"Erynnis juvenalis",NA,NA,NA,NA,NA,NA,NA,NA,NA,"L","U","",NA,""
"Catocala concumbens",NA,NA,NA,NA,NA,NA,NA,NA,NA,NA,NA,NA,NA,NA
"Poanes zabulon",215,"Hesperia erratica","Poanes zabulon","L","M","D","","low latitude problems","","L","M","",NA,""
"Atalopedes campestris",NA,NA,NA,NA,NA,NA,NA,NA,NA,"L","F","",NA,""
"Catocala faustina",NA,NA,NA,NA,NA,NA,NA,NA,NA,NA,NA,NA,NA,NA
"Catocala micronympha",NA,NA,NA,NA,NA,NA,NA,NA,NA,NA,NA,NA,NA,NA
"Catocala antinympha",NA,NA,NA,NA,NA,NA,NA,NA,NA,NA,NA,NA,NA,NA
"Catocala coccinata",NA,NA,NA,NA,NA,NA,NA,NA,NA,NA,NA,NA,NA,NA
"Catocala relicta",NA,NA,NA,NA,NA,NA,NA,NA,NA,NA,NA,NA,NA,NA
"Catocala similis",NA,NA,NA,NA,NA,NA,NA,NA,NA,NA,NA,NA,NA,NA
"Chlosyne gorgone",NA,NA,NA,NA,NA,NA,NA,NA,NA,"L","F","",NA,""
"Ochlodes sylvanoides",NA,NA,NA,NA,NA,NA,NA,NA,NA,"L","U","",NA,""
"Apamea devastator",20,"Crymodes devastator","Apamea devastator","","","N","","N","",NA,NA,NA,NA,NA
"Grammia virgo",NA,NA,NA,NA,NA,NA,NA,NA,NA,NA,NA,NA,NA,NA
"Poanes hobomok",212,NA,"Poanes hobomok","L","U","D","","N","",NA,NA,NA,NA,NA
"Alcis porcelaria",NA,NA,NA,NA,NA,NA,NA,NA,NA,NA,NA,NA,NA,NA
"Catocala junctura",NA,NA,NA,NA,NA,NA,NA,NA,NA,NA,NA,NA,NA,NA
"Euphyes vestris",108,NA,"Euphyes vestris","L","F","D","","N","","L","F","",NA,""
"Ochropleura implecta",NA,NA,NA,NA,NA,NA,NA,NA,NA,NA,NA,NA,NA,NA
"Spilosoma virginica",254,"Diacrisia virginica","Spilosoma virginica","L","M","N","","N","",NA,NA,NA,NA,NA
"Xanthorhoe decoloraria",NA,NA,NA,NA,NA,NA,NA,NA,NA,NA,NA,NA,NA,NA
"Xanthorhoe lacustrata",NA,NA,NA,NA,NA,NA,NA,NA,NA,NA,NA,NA,NA,NA
"Danaus plexippus",NA,NA,NA,NA,NA,NA,NA,NA,NA,"A (migrate)","F","",NA,""
"Euphydryas chalcedona",NA,NA,NA,NA,NA,NA,NA,NA,NA,"L","U","",NA,""
"Catocala ilia",NA,NA,NA,NA,NA,NA,NA,NA,NA,NA,NA,NA,NA,NA
"Catocala praeclara",NA,NA,NA,NA,NA,NA,NA,NA,NA,NA,NA,NA,NA,NA
"Colias eurytheme",68,NA,"Colias eurytheme","P","M","D","","two outliers","","M","M","",NA,""
"Pontia protodice",222,NA,"Pontia protodice","P","M","D","","N","","P","M","",NA,""
"Agrotis subterranea",NA,NA,NA,NA,NA,NA,NA,NA,NA,NA,NA,NA,NA,NA
"Biston betularia",NA,NA,NA,NA,NA,NA,NA,NA,NA,NA,NA,NA,NA,NA
"Perizoma custodiata",NA,NA,NA,NA,NA,NA,NA,NA,NA,NA,NA,NA,NA,NA
"Utetheisa ornatrix",NA,NA,NA,NA,NA,NA,NA,NA,NA,NA,NA,NA,NA,NA
"Idia americalis",NA,NA,NA,NA,NA,NA,NA,NA,NA,NA,NA,NA,NA,NA
"Oeneis jutta",NA,NA,NA,NA,NA,NA,NA,NA,NA,NA,NA,NA,NA,NA
"Speyeria nokomis",NA,NA,NA,NA,NA,NA,NA,NA,NA,NA,NA,NA,NA,NA
"Colias philodice",70,NA,"Colias philodice","L","M","D","","N","","L","F","",NA,""
"Euphyes conspicua",NA,NA,NA,NA,NA,NA,NA,NA,NA,NA,NA,NA,NA,NA
"Colias meadii",NA,NA,NA,NA,NA,NA,NA,NA,NA,NA,NA,NA,NA,NA
"Oeneis melissa",NA,NA,NA,NA,NA,NA,NA,NA,NA,NA,NA,NA,NA,NA
"Polites sabuleti",NA,NA,NA,NA,NA,NA,NA,NA,NA,NA,NA,NA,NA,NA
"Pyrgus communis",NA,NA,NA,NA,NA,NA,NA,NA,NA,"L","M","",NA,""
"Carterocephalus palaemon",NA,NA,NA,NA,NA,NA,NA,NA,NA,"L","U","",NA,""
"Hypena scabra",NA,NA,NA,NA,NA,NA,NA,NA,NA,NA,NA,NA,NA,NA
"Elkalyce comyntas",86,NA,"Elkalyce comyntas","","","D","","low latitude problems","",NA,NA,NA,NA,NA
"Catocala semirelicta",NA,NA,NA,NA,NA,NA,NA,NA,NA,NA,NA,NA,NA,NA
"Celastrina ladon",NA,NA,NA,NA,NA,NA,NA,NA,NA,"P","M","",NA,""
"Lycaena phlaeas",NA,NA,NA,NA,NA,NA,NA,NA,NA,"M","F","",NA,""
"Chorizagrotis auxiliaris",58,NA,"Chorizagrotis auxiliaris","L","M","N","","N","",NA,NA,NA,NA,NA
"Erynnis propertius",NA,NA,NA,NA,NA,NA,NA,NA,NA,NA,NA,NA,NA,NA
"Feltia jaculifera",NA,NA,NA,NA,NA,NA,NA,NA,NA,NA,NA,NA,NA,NA
"Peridroma saucia",NA,NA,NA,NA,NA,NA,NA,NA,NA,NA,NA,NA,NA,NA
"Plebejus idas",NA,NA,NA,NA,NA,NA,NA,NA,NA,NA,NA,NA,NA,NA
"Speyeria cybele",252,NA,"Speyeria cybele","L","U","D","","N","","L","U","",NA,""
"Anthocharis cethura",NA,NA,NA,NA,NA,NA,NA,NA,NA,NA,NA,NA,NA,NA
"Catocala amatrix",NA,NA,NA,NA,NA,NA,NA,NA,NA,NA,NA,NA,NA,NA
"Nomophila nearctica",NA,NA,NA,NA,NA,NA,NA,NA,NA,NA,NA,NA,NA,NA
"Pieris rapae",209,NA,"Pieris rapae","P","M","D","","N","","P","M","",NA,""
"Erynnis icelus",NA,NA,NA,NA,NA,NA,NA,NA,NA,NA,NA,NA,NA,NA
"Euxoa tessellata",NA,NA,NA,NA,NA,NA,NA,NA,NA,NA,NA,NA,NA,NA
"Parnassius clodius",NA,NA,NA,NA,NA,NA,NA,NA,NA,"E","U","",NA,""
"Polites peckius",216,NA,"Polites peckius","P","M","D","","N","",NA,NA,NA,NA,NA
"Speyeria callippe",NA,NA,NA,NA,NA,NA,NA,NA,NA,NA,NA,NA,NA,NA
"Anthocharis midea",NA,NA,NA,NA,NA,NA,NA,NA,NA,NA,NA,NA,NA,NA
"Anthocharis sara",17,NA,"Anthocharis sara","P","F","D","2nd partial flight on California coast","N","","P","M","",NA,""
"Chlosyne harrisii",NA,NA,NA,NA,NA,NA,NA,NA,NA,"L","U","",NA,""
"Colias nastes",NA,NA,NA,NA,NA,NA,NA,NA,NA,NA,NA,NA,NA,NA
"Euchloe ausonides",96,NA,"Euchloe ausonides","P","F","D","","N","","P","M","",NA,""
"Hylephila phyleus",NA,NA,NA,NA,NA,NA,NA,NA,NA,"L","M","",NA,""
"Hyphantria cunea",NA,NA,NA,NA,NA,NA,NA,NA,NA,NA,NA,NA,NA,NA
"Phyciodes tharos",207,NA,"Phyciodes tharos","L","M","D","","N","","L","M","",NA,""
"Polites themistocles",217,NA,"Polites themistocles","P","F","D","","N","",NA,NA,NA,NA,NA
"Pyrisitia lisa",233,NA,"Pyrisitia lisa","A","F","D","","Y","",NA,NA,NA,NA,NA
"Strymon melinus",257,NA,"Strymon melinus","P","M","D","","N","","P","M","",NA,""
"Thorybes pylades",NA,NA,NA,NA,NA,NA,NA,NA,NA,"L","F","",NA,""
"Agrotis vancouverensis",NA,NA,NA,NA,NA,NA,NA,NA,NA,NA,NA,NA,NA,NA
"Catocala palaeogama",NA,NA,NA,NA,NA,NA,NA,NA,NA,NA,NA,NA,NA,NA
"Catocala retecta",NA,NA,NA,NA,NA,NA,NA,NA,NA,NA,NA,NA,NA,NA
"Colias scudderi",NA,NA,NA,NA,NA,NA,NA,NA,NA,NA,NA,NA,NA,NA
"Eurema daira",114,NA,"Eurema daira","A","M","D","","Y","","A","M","",NA,""
"Hesperia comma",NA,NA,NA,NA,NA,NA,NA,NA,NA,"M","U","",NA,""
"Lophocampa maculata",NA,NA,NA,NA,NA,NA,NA,NA,NA,NA,NA,NA,NA,NA
"Oeneis polixenes",182,NA,"Oeneis polixenes","L","U","D","","N","",NA,NA,NA,NA,NA
"Parnassius smintheus",NA,NA,NA,NA,NA,NA,NA,NA,NA,NA,NA,NA,NA,NA
"Smerinthus jamaicensis",NA,NA,NA,NA,NA,NA,NA,NA,NA,NA,NA,NA,NA,NA
"Speyeria mormonia",NA,NA,NA,NA,NA,NA,NA,NA,NA,NA,NA,NA,NA,NA
"Ancyloxypha numitor",8,"Ancyloxypha longleyi","Ancyloxypha numitor","L","M","D","","N","","L","F","",NA,""
"Ancyloxypha numitor",9,"Hesperia bion","Ancyloxypha numitor","L","M","D","","N","","L","F","",NA,""
"Ancyloxypha numitor",10,"Heteropterus marginatus","Ancyloxypha numitor","L","M","D","","N","","L","F","",NA,""
"Ancyloxypha numitor",11,"Thymelicus puer","Ancyloxypha numitor","L","M","D","","N","","L","F","",NA,""
"Deciduphagus augustinus",NA,NA,NA,NA,NA,NA,NA,NA,NA,NA,NA,NA,NA,NA
"Hyles lineata",NA,NA,NA,NA,NA,NA,NA,NA,NA,NA,NA,NA,NA,NA
"Megathymus yuccae",NA,NA,NA,NA,NA,NA,NA,NA,NA,NA,NA,NA,NA,NA
"Orthosia hibisci",NA,NA,NA,NA,NA,NA,NA,NA,NA,NA,NA,NA,NA,NA
"Pontia beckerii",NA,NA,NA,NA,NA,NA,NA,NA,NA,"P","M","",NA,""
"Agathymus stephensi",NA,NA,NA,NA,NA,NA,NA,NA,NA,NA,NA,NA,NA,NA
"Catocala amica",NA,NA,NA,NA,NA,NA,NA,NA,NA,NA,NA,NA,NA,NA
"Junonia coenia",148,NA,"Junonia coenia","M","M","D","","N","","A","M","",NA,""
"Rhynchagrotis cupida",NA,NA,NA,NA,NA,NA,NA,NA,NA,NA,NA,NA,NA,NA
"Thorybes bathyllus",NA,NA,NA,NA,NA,NA,NA,NA,NA,"L","F","",NA,""
"Automeris io",NA,NA,NA,NA,NA,NA,NA,NA,NA,NA,NA,NA,NA,NA
"Boloria eunomia",NA,NA,NA,NA,NA,NA,NA,NA,NA,NA,NA,NA,NA,NA
"Boloria frigga",NA,NA,NA,NA,NA,NA,NA,NA,NA,NA,NA,NA,NA,NA
"Colias alexandra",NA,NA,NA,NA,NA,NA,NA,NA,NA,"L","U","",NA,""
"Erebia epipsodea",NA,NA,NA,NA,NA,NA,NA,NA,NA,"L","U","",NA,""
"Euphydryas anicia",NA,NA,NA,NA,NA,NA,NA,NA,NA,NA,NA,NA,NA,NA
"Feralia deceptiva",NA,NA,NA,NA,NA,NA,NA,NA,NA,NA,NA,NA,NA,NA
"Pieris marginalis",NA,NA,NA,NA,NA,NA,NA,NA,NA,NA,NA,NA,NA,NA
"Plebejus saepiolus",NA,NA,NA,NA,NA,NA,NA,NA,NA,"L","U","",NA,""
"Pyrgus centaureae",NA,NA,NA,NA,NA,NA,NA,NA,NA,NA,NA,NA,NA,NA
"Pyrrharctia isabella",236,NA,"Pyrrharctia isabella","L","M","N","","Y","",NA,NA,NA,NA,NA
"Satyrium calanus",239,NA,"Satyrium calanus","E","U","D","","N","","E","U","",NA,""
"Catocala innubens",NA,NA,NA,NA,NA,NA,NA,NA,NA,NA,NA,NA,NA,NA
"Boloria bellona",NA,NA,NA,NA,NA,NA,NA,NA,NA,"L","M","",NA,""
"Boloria selene",NA,NA,NA,NA,NA,NA,NA,NA,NA,"L","F","",NA,""
"Chlosyne palla",NA,NA,NA,NA,NA,NA,NA,NA,NA,"L","U","",NA,""
"Danaus gilippus",NA,NA,NA,NA,NA,NA,NA,NA,NA,"A (migrate)","M","",NA,""
"Paonias excaecata",NA,NA,NA,NA,NA,NA,NA,NA,NA,NA,NA,NA,NA,NA
"Protographium marcellus",NA,NA,NA,NA,NA,NA,NA,NA,NA,NA,NA,NA,NA,NA
"Acronicta oblinita",NA,NA,NA,NA,NA,NA,NA,NA,NA,NA,NA,NA,NA,NA
"Catocala ultronia",NA,NA,NA,NA,NA,NA,NA,NA,NA,NA,NA,NA,NA,NA
"Ceratomia undulosa",NA,NA,NA,NA,NA,NA,NA,NA,NA,NA,NA,NA,NA,NA
"Cercyonis pegala",54,NA,"Cercyonis pegala","L","U","D","","N","","L","U","",NA,""
"Harkenclenus titus",NA,NA,NA,NA,NA,NA,NA,NA,NA,NA,NA,NA,NA,NA
"Limenitis archippus",155,NA,"Limenitis archippus","L","M","D","","N","","L","M","",NA,""
"Limenitis arthemis",156,NA,"Limenitis arthemis","L","M","D","","N","","L","M","",NA,""
"Papilio glaucus",190,NA,"Papilio glaucus","P","M","D","","outliers with late onset","","P","M","",NA,""
"Papilio troilus",192,NA,"Papilio troilus","P","M","D","","one outlier","","P","M","",NA,""
"Satyrium liparops",240,NA,"Satyrium liparops","E","U","D","","N","",NA,NA,NA,NA,NA
"Zerene cesonia",291,"Colias cesonia","Zerene cesonia","A","F","D","","Y","",NA,NA,NA,NA,NA
"Battus philenor",34,NA,"Battus philenor","P","M","D","","N","","P","M","",NA,""
"Pero honestaria",NA,NA,NA,NA,NA,NA,NA,NA,NA,NA,NA,NA,NA,NA
"Acronicta interrupta",NA,NA,NA,NA,NA,NA,NA,NA,NA,NA,NA,NA,NA,NA
"Hemaris diffinis",NA,NA,NA,NA,NA,NA,NA,NA,NA,NA,NA,NA,NA,NA
"Lacinipolia renigera",NA,NA,NA,NA,NA,NA,NA,NA,NA,NA,NA,NA,NA,NA
"Nathalis iole",NA,NA,NA,NA,NA,NA,NA,NA,NA,"A","M","",NA,""
"Papilio cresphontes",189,NA,"Papilio cresphontes","P","M","D","","Y","","P","M","",NA,""
"Aglossa cuprina",NA,NA,NA,NA,NA,NA,NA,NA,NA,NA,NA,NA,NA,NA
"Papilio multicaudata",NA,NA,NA,NA,NA,NA,NA,NA,NA,"P","U","",NA,""
"Hesperia pahaska",NA,NA,NA,NA,NA,NA,NA,NA,NA,NA,NA,NA,NA,NA
"Malacosoma americana",NA,NA,NA,NA,NA,NA,NA,NA,NA,NA,NA,NA,NA,NA
"Boloria freija",39,NA,"Boloria freija","L","U","D","","N","",NA,NA,NA,NA,NA
"Celastrina argiolus",NA,NA,NA,NA,NA,NA,NA,NA,NA,NA,NA,NA,NA,NA
"Cisseps fulvicollis",NA,NA,NA,NA,NA,NA,NA,NA,NA,NA,NA,NA,NA,NA
"Erebia disa",NA,NA,NA,NA,NA,NA,NA,NA,NA,NA,NA,NA,NA,NA
"Thymelicus lineola",265,NA,"Thymelicus lineola","E","U","D","","N","","E","U","",NA,""
"Catocala habilis",NA,NA,NA,NA,NA,NA,NA,NA,NA,NA,NA,NA,NA,NA
"Limenitis weidemeyerii",NA,NA,NA,NA,NA,NA,NA,NA,NA,"L","F","",NA,""
"Polygonia interrogationis",219,NA,"Polygonia interrogationis","A","M","D","","N","",NA,NA,NA,NA,NA
"Erynnis brizo",NA,NA,NA,NA,NA,NA,NA,NA,NA,NA,NA,NA,NA,NA
"Mitoura gryneus",NA,NA,NA,NA,NA,NA,NA,NA,NA,NA,NA,NA,NA,NA
"Boloria chariclea",38,NA,"Boloria chariclea","L","U","D","","N","one outlier",NA,NA,NA,NA,NA
"Euptychia cymela",111,NA,"Euptychia cymela","","","D","","N","",NA,NA,NA,NA,NA
"Fabricius hyllus",NA,NA,NA,NA,NA,NA,NA,NA,NA,NA,NA,NA,NA,NA
"Polites origenes",NA,NA,NA,NA,NA,NA,NA,NA,NA,NA,NA,NA,NA,NA
"Pompeius verna",NA,NA,NA,NA,NA,NA,NA,NA,NA,"L","F","",NA,""
"Speyeria aphrodite",NA,NA,NA,NA,NA,NA,NA,NA,NA,"L","U","",NA,""
"Wallengrenia egeremet",282,"Hesperia cinna","Wallengrenia egeremet","L","F","D","","N","",NA,NA,NA,NA,NA
"Wallengrenia egeremet",283,"Pamphila ursa","Wallengrenia egeremet","L","F","D","","N","",NA,NA,NA,NA,NA
"Aglais milberti",NA,NA,NA,NA,NA,NA,NA,NA,NA,NA,NA,NA,NA,NA
"Euphyes dukesi",NA,NA,NA,NA,NA,NA,NA,NA,NA,NA,NA,NA,NA,NA
"Oeneis polyxenes",183,"Papilio polyxenes","Papilio polyxenes","P","M","D","","N","",NA,NA,NA,NA,NA
"Vanessa atalanta",280,NA,"Vanessa atalanta","A","M","D","","low latitude problems","","A","M","",NA,""
"Atrytone logan",29,"Anatrytone logan","Anatrytone logan","","F","D","","N","",NA,NA,NA,NA,NA
"Atrytone logan",30,"Atrytone logan","Anatrytone logan","","F","D","","N","",NA,NA,NA,NA,NA
"Copaeodes aurantiaca",NA,NA,NA,NA,NA,NA,NA,NA,NA,NA,NA,NA,NA,NA
"Ectropis crepuscularia",NA,NA,NA,NA,NA,NA,NA,NA,NA,NA,NA,NA,NA,NA
"Euphydryas phaeton",107,NA,"Euphydryas phaeton","L","U","D","","N","","L","U","",NA,""
"Fabricius helloides",NA,NA,NA,NA,NA,NA,NA,NA,NA,NA,NA,NA,NA,NA
"Hypagyrtis unipunctata",NA,NA,NA,NA,NA,NA,NA,NA,NA,NA,NA,NA,NA,NA
"Hyppa xylinoides",NA,NA,NA,NA,NA,NA,NA,NA,NA,NA,NA,NA,NA,NA
"Oeneis bore",NA,NA,NA,NA,NA,NA,NA,NA,NA,NA,NA,NA,NA,NA
"Panopoda rufimargo",NA,NA,NA,NA,NA,NA,NA,NA,NA,NA,NA,NA,NA,NA
"Papilio machaon",NA,NA,NA,NA,NA,NA,NA,NA,NA,NA,NA,NA,NA,NA
"Pyrgus albescens",NA,NA,NA,NA,NA,NA,NA,NA,NA,NA,NA,NA,NA,NA
"Vanessa cardui",NA,NA,NA,NA,NA,NA,NA,NA,NA,NA,NA,NA,NA,NA
"Anagrapha falcifera",NA,NA,NA,NA,NA,NA,NA,NA,NA,NA,NA,NA,NA,NA
"Apodemia mormo",NA,NA,NA,NA,NA,NA,NA,NA,NA,NA,NA,NA,NA,NA
"Euphyes dion",NA,NA,NA,NA,NA,NA,NA,NA,NA,"L","F","",NA,""
"Hesperia sassacus",NA,NA,NA,NA,NA,NA,NA,NA,NA,NA,NA,NA,NA,NA
"Lycaeides melissa",NA,NA,NA,NA,NA,NA,NA,NA,NA,"E","M","",NA,""
"Poanes massasoit",213,NA,"Poanes massasoit","","U","D","","N","",NA,NA,NA,NA,NA
"Poanes viator",214,NA,"Poanes viator","L","F","D","","N","","L","F","",NA,""
"Achalarus lyciades",NA,NA,NA,NA,NA,NA,NA,NA,NA,"L","F","",NA,""
"Agrotis ipsilon",NA,NA,NA,NA,NA,NA,NA,NA,NA,NA,NA,NA,NA,NA
"Anarta trifolii",NA,NA,NA,NA,NA,NA,NA,NA,NA,NA,NA,NA,NA,NA
"Asterocampa celtis",NA,NA,NA,NA,NA,NA,NA,NA,NA,NA,NA,NA,NA,NA
"Autographa californica",NA,NA,NA,NA,NA,NA,NA,NA,NA,NA,NA,NA,NA,NA
"Catocala parta",NA,NA,NA,NA,NA,NA,NA,NA,NA,NA,NA,NA,NA,NA
"Egira crucialis",NA,NA,NA,NA,NA,NA,NA,NA,NA,NA,NA,NA,NA,NA
"Erynnis baptisiae",94,NA,"Erynnis baptisiae","L","M","D","","N","","L","M","",NA,""
"Hesperia colorado",NA,NA,NA,NA,NA,NA,NA,NA,NA,NA,NA,NA,NA,NA
"Papilio rutulus",NA,NA,NA,NA,NA,NA,NA,NA,NA,"P","M","",NA,""
"Polygonia gracilis",NA,NA,NA,NA,NA,NA,NA,NA,NA,NA,NA,NA,NA,NA
"Satyrium acadica",NA,NA,NA,NA,NA,NA,NA,NA,NA,"E","U","",NA,""
"Xestia c-nigrum",NA,NA,NA,NA,NA,NA,NA,NA,NA,NA,NA,NA,NA,NA
"Xylena cineritia",NA,NA,NA,NA,NA,NA,NA,NA,NA,NA,NA,NA,NA,NA
"Anarta nigrolunata",NA,NA,NA,NA,NA,NA,NA,NA,NA,NA,NA,NA,NA,NA
"Callophrys niphon",43,NA,"Callophrys niphon","P","U","D","","one outlier","",NA,NA,NA,NA,NA
"Coenonympha tullia",67,NA,"Coenonympha tullia","L","F","D","","N","","L","F","",NA,""
"Melanolophia canadaria",NA,NA,NA,NA,NA,NA,NA,NA,NA,NA,NA,NA,NA,NA
"Oeneis chryxus",NA,NA,NA,NA,NA,NA,NA,NA,NA,NA,NA,NA,NA,NA
"Papilio eurymedon",NA,NA,NA,NA,NA,NA,NA,NA,NA,"P","U","",NA,""
"Papilio zelicaon",NA,NA,NA,NA,NA,NA,NA,NA,NA,"P","M","",NA,""
"Phigalia titea",NA,NA,NA,NA,NA,NA,NA,NA,NA,NA,NA,NA,NA,NA
"Polites draco",NA,NA,NA,NA,NA,NA,NA,NA,NA,NA,NA,NA,NA,NA
"Pontia occidentalis",NA,NA,NA,NA,NA,NA,NA,NA,NA,"P","F","",NA,""
"Syngrapha ignea",NA,NA,NA,NA,NA,NA,NA,NA,NA,NA,NA,NA,NA,NA
"Thorybes mexicana",NA,NA,NA,NA,NA,NA,NA,NA,NA,NA,NA,NA,NA,NA
"Zale lunata",NA,NA,NA,NA,NA,NA,NA,NA,NA,NA,NA,NA,NA,NA
"Catocala grynea",NA,NA,NA,NA,NA,NA,NA,NA,NA,NA,NA,NA,NA,NA
"Catocala neogama",NA,NA,NA,NA,NA,NA,NA,NA,NA,NA,NA,NA,NA,NA
"Hypena baltimoralis",NA,NA,NA,NA,NA,NA,NA,NA,NA,NA,NA,NA,NA,NA
"Idia aemula",NA,NA,NA,NA,NA,NA,NA,NA,NA,NA,NA,NA,NA,NA
"Nymphalis antiopa",181,NA,"Nymphalis antiopa","A","U","D","","a few low latitude outliers","","A","M","",NA,""
"Pieris virginiensis",NA,NA,NA,NA,NA,NA,NA,NA,NA,NA,NA,NA,NA,NA
"Acronicta americana",NA,NA,NA,NA,NA,NA,NA,NA,NA,NA,NA,NA,NA,NA
"Acronicta haesitata",NA,NA,NA,NA,NA,NA,NA,NA,NA,NA,NA,NA,NA,NA
"Acronicta inclara",NA,NA,NA,NA,NA,NA,NA,NA,NA,NA,NA,NA,NA,NA
"Catocala andromedae",NA,NA,NA,NA,NA,NA,NA,NA,NA,NA,NA,NA,NA,NA
"Chrysoteuchia topiarius",NA,NA,NA,NA,NA,NA,NA,NA,NA,NA,NA,NA,NA,NA
"Deltote albidula",NA,NA,NA,NA,NA,NA,NA,NA,NA,NA,NA,NA,NA,NA
"Dryocampa rubicunda",NA,NA,NA,NA,NA,NA,NA,NA,NA,NA,NA,NA,NA,NA
"Halysidota tessellaris",122,"Halisidota tessellarus","Halysidota tessellaris","P","F","N","","N","",NA,NA,NA,NA,NA
"Melanchra adjuncta",NA,NA,NA,NA,NA,NA,NA,NA,NA,NA,NA,NA,NA,NA
"Microcrambus elegans",NA,NA,NA,NA,NA,NA,NA,NA,NA,NA,NA,NA,NA,NA
"Ochlodes agricola",NA,NA,NA,NA,NA,NA,NA,NA,NA,NA,NA,NA,NA,NA
"Ostrinia nubilalis",NA,NA,NA,NA,NA,NA,NA,NA,NA,NA,NA,NA,NA,NA
"Paonias myops",NA,NA,NA,NA,NA,NA,NA,NA,NA,NA,NA,NA,NA,NA
"Paratrytone melane",NA,NA,NA,NA,NA,NA,NA,NA,NA,NA,NA,NA,NA,NA
"Pediasia trisecta",NA,NA,NA,NA,NA,NA,NA,NA,NA,NA,NA,NA,NA,NA
"Phigalia strigataria",NA,NA,NA,NA,NA,NA,NA,NA,NA,NA,NA,NA,NA,NA
"Phoberia atomaris",NA,NA,NA,NA,NA,NA,NA,NA,NA,NA,NA,NA,NA,NA
"Phyllodesma americana",NA,NA,NA,NA,NA,NA,NA,NA,NA,NA,NA,NA,NA,NA
"Psaphida grotei",NA,NA,NA,NA,NA,NA,NA,NA,NA,NA,NA,NA,NA,NA
"Raphia frater",NA,NA,NA,NA,NA,NA,NA,NA,NA,NA,NA,NA,NA,NA
"Stenalcidia pampinaria",NA,NA,NA,NA,NA,NA,NA,NA,NA,NA,NA,NA,NA,NA
"Udea rubigalis",NA,NA,NA,NA,NA,NA,NA,NA,NA,NA,NA,NA,NA,NA
"Xanthotype urticaria",NA,NA,NA,NA,NA,NA,NA,NA,NA,NA,NA,NA,NA,NA
"Abaeis nicippe",1,"Eurema nicippe","Abaeis nicippe","E","M","D","flies year round in southern Texas and deep south","Y","",NA,NA,NA,NA,NA
"Apantesis phalerata",NA,NA,NA,NA,NA,NA,NA,NA,NA,NA,NA,NA,NA,NA
"Caenurgina erechtea",NA,NA,NA,NA,NA,NA,NA,NA,NA,NA,NA,NA,NA,NA
"Choristoneura rosaceana",NA,NA,NA,NA,NA,NA,NA,NA,NA,NA,NA,NA,NA,NA
"Colias harfordii",NA,NA,NA,NA,NA,NA,NA,NA,NA,NA,NA,NA,NA,NA
"Colocasia propinquilinea",NA,NA,NA,NA,NA,NA,NA,NA,NA,NA,NA,NA,NA,NA
"Eresia mylitta",NA,NA,NA,NA,NA,NA,NA,NA,NA,NA,NA,NA,NA,NA
"Hesperia juba",NA,NA,NA,NA,NA,NA,NA,NA,NA,"L","M","",NA,""
"Hypsopygia olinalis",NA,NA,NA,NA,NA,NA,NA,NA,NA,NA,NA,NA,NA,NA
"Nephelodes minians",NA,NA,NA,NA,NA,NA,NA,NA,NA,NA,NA,NA,NA,NA
"Panoquina errans",NA,NA,NA,NA,NA,NA,NA,NA,NA,NA,NA,NA,NA,NA
"Urbanus proteus",271,NA,"Urbanus proteus","A","M","D","",NA,"","L","M","",NA,""
"Acronicta hasta",NA,NA,NA,NA,NA,NA,NA,NA,NA,NA,NA,NA,NA,NA
"Acronicta impressa",NA,NA,NA,NA,NA,NA,NA,NA,NA,NA,NA,NA,NA,NA
"Acronicta ovata",NA,NA,NA,NA,NA,NA,NA,NA,NA,NA,NA,NA,NA,NA
"Autographa precationis",NA,NA,NA,NA,NA,NA,NA,NA,NA,NA,NA,NA,NA,NA
"Bactra verutana",NA,NA,NA,NA,NA,NA,NA,NA,NA,NA,NA,NA,NA,NA
"Catocala lineella",NA,NA,NA,NA,NA,NA,NA,NA,NA,NA,NA,NA,NA,NA
"Chlosyne nycteis",NA,NA,NA,NA,NA,NA,NA,NA,NA,"L","F","",NA,""
"Chytonix palliatricula",NA,NA,NA,NA,NA,NA,NA,NA,NA,NA,NA,NA,NA,NA
"Ctenucha virginica",NA,NA,NA,NA,NA,NA,NA,NA,NA,NA,NA,NA,NA,NA
"Desmia funeralis",78,NA,"Desmia funeralis","P","M","B","","Y","",NA,NA,NA,NA,NA
"Erynnis telemachus",NA,NA,NA,NA,NA,NA,NA,NA,NA,NA,NA,NA,NA,NA
"Eutrapela clemataria",NA,NA,NA,NA,NA,NA,NA,NA,NA,NA,NA,NA,NA,NA
"Fabricius dorcas",NA,NA,NA,NA,NA,NA,NA,NA,NA,NA,NA,NA,NA,NA
"Gluphisia septentrionis",NA,NA,NA,NA,NA,NA,NA,NA,NA,NA,NA,NA,NA,NA
"Hypoprepia miniata",NA,NA,NA,NA,NA,NA,NA,NA,NA,NA,NA,NA,NA,NA
"Lophodonta angulosa",NA,NA,NA,NA,NA,NA,NA,NA,NA,NA,NA,NA,NA,NA
"Mellilla xanthometata",NA,NA,NA,NA,NA,NA,NA,NA,NA,NA,NA,NA,NA,NA
"Panthea acronyctoides",NA,NA,NA,NA,NA,NA,NA,NA,NA,NA,NA,NA,NA,NA
"Phragmatobia fuliginosa",NA,NA,NA,NA,NA,NA,NA,NA,NA,NA,NA,NA,NA,NA
"Polites mystic",NA,NA,NA,NA,NA,NA,NA,NA,NA,NA,NA,NA,NA,NA
"Smerinthus cerisyi",NA,NA,NA,NA,NA,NA,NA,NA,NA,NA,NA,NA,NA,NA
"Speranza pustularia",NA,NA,NA,NA,NA,NA,NA,NA,NA,NA,NA,NA,NA,NA
"Zale minerea",NA,NA,NA,NA,NA,NA,NA,NA,NA,NA,NA,NA,NA,NA
"Acronicta dactylina",NA,NA,NA,NA,NA,NA,NA,NA,NA,NA,NA,NA,NA,NA
"Chytolita morbidalis",NA,NA,NA,NA,NA,NA,NA,NA,NA,NA,NA,NA,NA,NA
"Condica videns",NA,NA,NA,NA,NA,NA,NA,NA,NA,NA,NA,NA,NA,NA
"Darapsa myron",NA,NA,NA,NA,NA,NA,NA,NA,NA,NA,NA,NA,NA,NA
"Erynnis horatius",NA,NA,NA,NA,NA,NA,NA,NA,NA,"L","M","",NA,""
"Estigmene acrea",NA,NA,NA,NA,NA,NA,NA,NA,NA,NA,NA,NA,NA,NA
"Hesperia leonardus",NA,NA,NA,NA,NA,NA,NA,NA,NA,NA,NA,NA,NA,NA
"Iridopsis larvaria",NA,NA,NA,NA,NA,NA,NA,NA,NA,NA,NA,NA,NA,NA
"Lacanobia subjuncta",NA,NA,NA,NA,NA,NA,NA,NA,NA,NA,NA,NA,NA,NA
"Panthea furcilla",NA,NA,NA,NA,NA,NA,NA,NA,NA,NA,NA,NA,NA,NA
"Panthea virginaria",NA,NA,NA,NA,NA,NA,NA,NA,NA,NA,NA,NA,NA,NA
"Papilio canadensis",NA,NA,NA,NA,NA,NA,NA,NA,NA,"P","U","",NA,""
"Polia purpurissata",NA,NA,NA,NA,NA,NA,NA,NA,NA,NA,NA,NA,NA,NA
"Polygonia comma",218,NA,"Polygonia comma","A","M","D","","N","",NA,NA,NA,NA,NA
"Satyrium caryaevorus",NA,NA,NA,NA,NA,NA,NA,NA,NA,NA,NA,NA,NA,NA
"Euplexia benesimilis",NA,NA,NA,NA,NA,NA,NA,NA,NA,NA,NA,NA,NA,NA
"Grammia arge",NA,NA,NA,NA,NA,NA,NA,NA,NA,NA,NA,NA,NA,NA
"Phosphila miselioides",NA,NA,NA,NA,NA,NA,NA,NA,NA,NA,NA,NA,NA,NA
"Phyciodes pulchella",NA,NA,NA,NA,NA,NA,NA,NA,NA,NA,NA,NA,NA,NA
"Polites sonora",NA,NA,NA,NA,NA,NA,NA,NA,NA,"L","U","",NA,""
"Apamea amputatrix",NA,NA,NA,NA,NA,NA,NA,NA,NA,NA,NA,NA,NA,NA
"Bulia deducta",NA,NA,NA,NA,NA,NA,NA,NA,NA,NA,NA,NA,NA,NA
"Epargyreus clarus",90,NA,"Epargyreus clarus","P","F","D","","N","",NA,NA,NA,NA,NA
"Eurois nigra",NA,NA,NA,NA,NA,NA,NA,NA,NA,NA,NA,NA,NA,NA
"Euxoa velleripennis",NA,NA,NA,NA,NA,NA,NA,NA,NA,NA,NA,NA,NA,NA
"Limenitis lorquini",NA,NA,NA,NA,NA,NA,NA,NA,NA,"L","M","",NA,""
"Orthosia praeses",NA,NA,NA,NA,NA,NA,NA,NA,NA,NA,NA,NA,NA,NA
"Pholisora catullus",205,NA,"Pholisora catullus","L","M","D","","one late outlier","","L","M","",NA,""
"Xestia xanthographa",NA,NA,NA,NA,NA,NA,NA,NA,NA,NA,NA,NA,NA,NA
"Aletia oxygala",NA,NA,NA,NA,NA,NA,NA,NA,NA,NA,NA,NA,NA,NA
"Caenurgina crassiuscula",NA,NA,NA,NA,NA,NA,NA,NA,NA,NA,NA,NA,NA,NA
"Papilio indra",NA,NA,NA,NA,NA,NA,NA,NA,NA,"P","U","",NA,""
"Apamea inordinata",NA,NA,NA,NA,NA,NA,NA,NA,NA,NA,NA,NA,NA,NA
"Apamea sordens",NA,NA,NA,NA,NA,NA,NA,NA,NA,NA,NA,NA,NA,NA
"Epimecis hortaria",NA,NA,NA,NA,NA,NA,NA,NA,NA,NA,NA,NA,NA,NA
"Hypena californica",NA,NA,NA,NA,NA,NA,NA,NA,NA,NA,NA,NA,NA,NA
"Allagrapha aerea",NA,NA,NA,NA,NA,NA,NA,NA,NA,NA,NA,NA,NA,NA
"Ennomos magnaria",NA,NA,NA,NA,NA,NA,NA,NA,NA,NA,NA,NA,NA,NA
"Nadata gibbosa",NA,NA,NA,NA,NA,NA,NA,NA,NA,NA,NA,NA,NA,NA
"Papaipema arctivorens",NA,NA,NA,NA,NA,NA,NA,NA,NA,NA,NA,NA,NA,NA
"Papaipema unimoda",NA,NA,NA,NA,NA,NA,NA,NA,NA,NA,NA,NA,NA,NA
"Spilosoma congrua",NA,NA,NA,NA,NA,NA,NA,NA,NA,NA,NA,NA,NA,NA
"Vanessa annabella",NA,NA,NA,NA,NA,NA,NA,NA,NA,"A","M","",NA,""
"Agraulis vanillae",6,NA,"Agraulis vanillae","A","M","D","","Y","","A","M","",NA,"values for fields:"
"Amphipyra pyramidoides",NA,NA,NA,NA,NA,NA,NA,NA,NA,NA,NA,NA,NA,NA
"Campaea perlata",47,NA,"Campaea perlata","L","F","B","adults fly during day in arctic","one outlier","",NA,NA,NA,NA,NA
"Diaphora tenera",NA,NA,NA,NA,NA,NA,NA,NA,NA,NA,NA,NA,NA,NA
"Enargia decolor",NA,NA,NA,NA,NA,NA,NA,NA,NA,NA,NA,NA,NA,NA
"Enargia infumata",NA,NA,NA,NA,NA,NA,NA,NA,NA,NA,NA,NA,NA,NA
"Euchaetes egle",NA,NA,NA,NA,NA,NA,NA,NA,NA,NA,NA,NA,NA,NA
"Feltia herilis",NA,NA,NA,NA,NA,NA,NA,NA,NA,NA,NA,NA,NA,NA
"Heterocampa guttivitta",NA,NA,NA,NA,NA,NA,NA,NA,NA,NA,NA,NA,NA,NA
"Holomelina laeta",NA,NA,NA,NA,NA,NA,NA,NA,NA,NA,NA,NA,NA,NA
"Hypoprepia fucosa",NA,NA,NA,NA,NA,NA,NA,NA,NA,NA,NA,NA,NA,NA
"Lasionycta perplexa",NA,NA,NA,NA,NA,NA,NA,NA,NA,NA,NA,NA,NA,NA
"Libytheana carinenta",NA,NA,NA,NA,NA,NA,NA,NA,NA,"A","M","",NA,""
"Lophocampa caryae",NA,NA,NA,NA,NA,NA,NA,NA,NA,NA,NA,NA,NA,NA
"Metanema inatomaria",NA,NA,NA,NA,NA,NA,NA,NA,NA,NA,NA,NA,NA,NA
"Mythimna unipuncta",NA,NA,NA,NA,NA,NA,NA,NA,NA,NA,NA,NA,NA,NA
"Orthodes cynica",NA,NA,NA,NA,NA,NA,NA,NA,NA,NA,NA,NA,NA,NA
"Phoebis sennae",NA,NA,NA,NA,NA,NA,NA,NA,NA,"A","F","",NA,""
"Piruna pirus",NA,NA,NA,NA,NA,NA,NA,NA,NA,"L","U","",NA,""
"Plebejus acmon",NA,NA,NA,NA,NA,NA,NA,NA,NA,"L","M","",NA,""
"Poanes taxiles",NA,NA,NA,NA,NA,NA,NA,NA,NA,"L","U","",NA,""
"Sideridis rosea",NA,NA,NA,NA,NA,NA,NA,NA,NA,NA,NA,NA,NA,NA
"Apamea alia",NA,NA,NA,NA,NA,NA,NA,NA,NA,NA,NA,NA,NA,NA
"Atteva aurea",NA,NA,NA,NA,NA,NA,NA,NA,NA,NA,NA,NA,NA,NA
"Celastrina lucia",NA,NA,NA,NA,NA,NA,NA,NA,NA,NA,NA,NA,NA,NA
"Erynnis afranius",NA,NA,NA,NA,NA,NA,NA,NA,NA,NA,NA,NA,NA,NA
"Erynnis pacuvius",NA,NA,NA,NA,NA,NA,NA,NA,NA,"L","F","",NA,""
"Erynnis persius",95,NA,"Erynnis persius","L","U","D","","N","","L","U","",NA,""
"Eupsilia vinulenta",NA,NA,NA,NA,NA,NA,NA,NA,NA,NA,NA,NA,NA,NA
"Euxoa divergens",NA,NA,NA,NA,NA,NA,NA,NA,NA,NA,NA,NA,NA,NA
"Orgyia leucostigma",NA,NA,NA,NA,NA,NA,NA,NA,NA,NA,NA,NA,NA,NA
"Tolype laricis",NA,NA,NA,NA,NA,NA,NA,NA,NA,NA,NA,NA,NA,NA
"Xylena curvimacula",NA,NA,NA,NA,NA,NA,NA,NA,NA,NA,NA,NA,NA,NA
"Agonopterix pulvipennella",NA,NA,NA,NA,NA,NA,NA,NA,NA,NA,NA,NA,NA,NA
"Antaeotricha schlaegeri",NA,NA,NA,NA,NA,NA,NA,NA,NA,NA,NA,NA,NA,NA
"Argyrotaenia velutinana",NA,NA,NA,NA,NA,NA,NA,NA,NA,NA,NA,NA,NA,NA
"Catocala cara",NA,NA,NA,NA,NA,NA,NA,NA,NA,NA,NA,NA,NA,NA
"Celastrina echo",NA,NA,NA,NA,NA,NA,NA,NA,NA,NA,NA,NA,NA,NA
"Colias palaeno",NA,NA,NA,NA,NA,NA,NA,NA,NA,NA,NA,NA,NA,NA
"Crambus agitatellus",NA,NA,NA,NA,NA,NA,NA,NA,NA,NA,NA,NA,NA,NA
"Oarisma garita",NA,NA,NA,NA,NA,NA,NA,NA,NA,"L","U","",NA,""
"Pontia sisymbrii",NA,NA,NA,NA,NA,NA,NA,NA,NA,NA,NA,NA,NA,NA
"Arctia caja",NA,NA,NA,NA,NA,NA,NA,NA,NA,NA,NA,NA,NA,NA
"Boloria alaskensis",NA,NA,NA,NA,NA,NA,NA,NA,NA,NA,NA,NA,NA,NA
"Boloria improba",NA,NA,NA,NA,NA,NA,NA,NA,NA,NA,NA,NA,NA,NA
"Boloria polaris",NA,NA,NA,NA,NA,NA,NA,NA,NA,NA,NA,NA,NA,NA
"Catocala mira",NA,NA,NA,NA,NA,NA,NA,NA,NA,NA,NA,NA,NA,NA
"Colias hecla",69,NA,"Colias hecla","L","","D","","N","",NA,NA,NA,NA,NA
"Erynnis tristis",NA,NA,NA,NA,NA,NA,NA,NA,NA,"L","M","",NA,""
"Polygonia faunus",NA,NA,NA,NA,NA,NA,NA,NA,NA,NA,NA,NA,NA,NA
"Prochoerodes lineola",NA,NA,NA,NA,NA,NA,NA,NA,NA,NA,NA,NA,NA,NA
"Semiothisa bicolorata",NA,NA,NA,NA,NA,NA,NA,NA,NA,NA,NA,NA,NA,NA
"Actias luna",NA,NA,NA,NA,NA,NA,NA,NA,NA,NA,NA,NA,NA,NA
"Colias tyche",NA,NA,NA,NA,NA,NA,NA,NA,NA,NA,NA,NA,NA,NA
"Erebia discoidalis",NA,NA,NA,NA,NA,NA,NA,NA,NA,NA,NA,NA,NA,NA
"Erebia fasciata",NA,NA,NA,NA,NA,NA,NA,NA,NA,NA,NA,NA,NA,NA
"Erebia rossii",NA,NA,NA,NA,NA,NA,NA,NA,NA,NA,NA,NA,NA,NA
"Parnassius eversmanni",NA,NA,NA,NA,NA,NA,NA,NA,NA,NA,NA,NA,NA,NA
"Everes amyntula",NA,NA,NA,NA,NA,NA,NA,NA,NA,NA,NA,NA,NA,NA
"Sphingicampa hubbardi",NA,NA,NA,NA,NA,NA,NA,NA,NA,NA,NA,NA,NA,NA
"Atrytonopsis hianna",NA,NA,NA,NA,NA,NA,NA,NA,NA,NA,NA,NA,NA,NA
"Brephidium exilis",NA,NA,NA,NA,NA,NA,NA,NA,NA,NA,NA,NA,NA,NA
"Lethe appalachia",153,"Satyrodes appalachia","Lethe appalachia","L","F","D","","N","",NA,NA,NA,NA,NA
"Cisthene packardii",NA,NA,NA,NA,NA,NA,NA,NA,NA,NA,NA,NA,NA,NA
"Agrochola bicolorago",NA,NA,NA,NA,NA,NA,NA,NA,NA,NA,NA,NA,NA,NA
"Idia rotundalis",NA,NA,NA,NA,NA,NA,NA,NA,NA,NA,NA,NA,NA,NA
"Ilexia intractata",NA,NA,NA,NA,NA,NA,NA,NA,NA,NA,NA,NA,NA,NA
"Lymantria dispar",NA,NA,NA,NA,NA,NA,NA,NA,NA,NA,NA,NA,NA,NA
"Oreta rosea",NA,NA,NA,NA,NA,NA,NA,NA,NA,NA,NA,NA,NA,NA
"Catocala obscura",NA,NA,NA,NA,NA,NA,NA,NA,NA,NA,NA,NA,NA,NA
"Eurema mexicana",NA,NA,NA,NA,NA,NA,NA,NA,NA,"","M","",NA,""
"Hypercompe permaculata",145,NA,"Hypercompe permaculata","L","","N","","one outlier","",NA,NA,NA,NA,NA
"Lomographa vestaliata",NA,NA,NA,NA,NA,NA,NA,NA,NA,NA,NA,NA,NA,NA
"Cyaniris neglecta",76,NA,"Cyaniris neglecta","","M","D","","Y","",NA,NA,NA,NA,NA
"Leptotes marina",NA,NA,NA,NA,NA,NA,NA,NA,NA,"O","M","",NA,""
"Grammia nevadensis",NA,NA,NA,NA,NA,NA,NA,NA,NA,NA,NA,NA,NA,NA
"Diacme elealis",NA,NA,NA,NA,NA,NA,NA,NA,NA,NA,NA,NA,NA,NA
"Helicoverpa zea",NA,NA,NA,NA,NA,NA,NA,NA,NA,NA,NA,NA,NA,NA
"Costaconvexa centrostrigaria",NA,NA,NA,NA,NA,NA,NA,NA,NA,NA,NA,NA,NA,NA
"Allotria elonympha",NA,NA,NA,NA,NA,NA,NA,NA,NA,NA,NA,NA,NA,NA
"Hesperia viridis",NA,NA,NA,NA,NA,NA,NA,NA,NA,NA,NA,NA,NA,NA
"Palpita magniferalis",NA,NA,NA,NA,NA,NA,NA,NA,NA,NA,NA,NA,NA,NA
"Polygrammate hebraeicum",NA,NA,NA,NA,NA,NA,NA,NA,NA,NA,NA,NA,NA,NA
"Psilocorsis reflexella",NA,NA,NA,NA,NA,NA,NA,NA,NA,NA,NA,NA,NA,NA
"Pantographa limata",188,NA,"Pantographa limata","L","U","N","","N","",NA,NA,NA,NA,NA
"Pheosia rimosa",NA,NA,NA,NA,NA,NA,NA,NA,NA,NA,NA,NA,NA,NA
"Fishia discors",NA,NA,NA,NA,NA,NA,NA,NA,NA,NA,NA,NA,NA,NA
"Grammia williamsii",NA,NA,NA,NA,NA,NA,NA,NA,NA,NA,NA,NA,NA,NA
"Speranza bitactata",246,"Itame bitactata","Macaria bitactata","","","N","","N","",NA,NA,NA,NA,NA
"Speranza bitactata",247,"Macaria bitactata","Macaria bitactata","","","N","","N","",NA,NA,NA,NA,NA
"Speranza bitactata",248,"Thera bitactata","Macaria bitactata","","","N","","N","",NA,NA,NA,NA,NA
"Speranza bitactata",249,"Itame epigenata","Macaria bitactata","","","N","","N","",NA,NA,NA,NA,NA
"Speranza bitactata",250,"Heterophleps atrosignata","Macaria bitactata","","","N","","N","",NA,NA,NA,NA,NA
"Speranza bitactata",251,"Halia packardaria","Macaria bitactata","","","N","","N","",NA,NA,NA,NA,NA
"Catocala californica",NA,NA,NA,NA,NA,NA,NA,NA,NA,NA,NA,NA,NA,NA
"Catocala grotiana",NA,NA,NA,NA,NA,NA,NA,NA,NA,NA,NA,NA,NA,NA
"Crambidia cephalica",NA,NA,NA,NA,NA,NA,NA,NA,NA,NA,NA,NA,NA,NA
"Digrammia curvata",NA,NA,NA,NA,NA,NA,NA,NA,NA,NA,NA,NA,NA,NA
"Eupithecia anticaria",NA,NA,NA,NA,NA,NA,NA,NA,NA,NA,NA,NA,NA,NA
"Eurois praefixa",NA,NA,NA,NA,NA,NA,NA,NA,NA,NA,NA,NA,NA,NA
"Hesperumia sulphuraria",NA,NA,NA,NA,NA,NA,NA,NA,NA,NA,NA,NA,NA,NA
"Litholomia napaea",NA,NA,NA,NA,NA,NA,NA,NA,NA,NA,NA,NA,NA,NA
"Pero behrensaria",NA,NA,NA,NA,NA,NA,NA,NA,NA,NA,NA,NA,NA,NA
"Amorbia humerosana",NA,NA,NA,NA,NA,NA,NA,NA,NA,NA,NA,NA,NA,NA
"Anarta crotchii",NA,NA,NA,NA,NA,NA,NA,NA,NA,NA,NA,NA,NA,NA
"Apamea inficita",21,NA,"Apamea inficita","","","N","","N","",NA,NA,NA,NA,NA
"Caripeta aequaliaria",NA,NA,NA,NA,NA,NA,NA,NA,NA,NA,NA,NA,NA,NA
"Digrammia neptaria",NA,NA,NA,NA,NA,NA,NA,NA,NA,NA,NA,NA,NA,NA
"Euproctis inepta",NA,NA,NA,NA,NA,NA,NA,NA,NA,NA,NA,NA,NA,NA
"Holomelina fragilis",NA,NA,NA,NA,NA,NA,NA,NA,NA,NA,NA,NA,NA,NA
"Prochoerodes forficaria",NA,NA,NA,NA,NA,NA,NA,NA,NA,NA,NA,NA,NA,NA
"Sphinx vashti",NA,NA,NA,NA,NA,NA,NA,NA,NA,NA,NA,NA,NA,NA
"Digrammia excurvata",NA,NA,NA,NA,NA,NA,NA,NA,NA,NA,NA,NA,NA,NA
"Eulithis xylina",NA,NA,NA,NA,NA,NA,NA,NA,NA,NA,NA,NA,NA,NA
"Eupithecia niphadophilata",NA,NA,NA,NA,NA,NA,NA,NA,NA,NA,NA,NA,NA,NA
"Horisme intestinata",NA,NA,NA,NA,NA,NA,NA,NA,NA,NA,NA,NA,NA,NA
"Macaria aemulataria",NA,NA,NA,NA,NA,NA,NA,NA,NA,NA,NA,NA,NA,NA
"Marimatha nigrofimbria",NA,NA,NA,NA,NA,NA,NA,NA,NA,NA,NA,NA,NA,NA
"Nemoria unitaria",NA,NA,NA,NA,NA,NA,NA,NA,NA,NA,NA,NA,NA,NA
"Richia parentalis",NA,NA,NA,NA,NA,NA,NA,NA,NA,NA,NA,NA,NA,NA
"Stretchia plusiaeformis",NA,NA,NA,NA,NA,NA,NA,NA,NA,NA,NA,NA,NA,NA
"Xestia smithii",NA,NA,NA,NA,NA,NA,NA,NA,NA,NA,NA,NA,NA,NA
"Anacamptodes vellivolata",NA,NA,NA,NA,NA,NA,NA,NA,NA,NA,NA,NA,NA,NA
"Eurois astricta",NA,NA,NA,NA,NA,NA,NA,NA,NA,NA,NA,NA,NA,NA
"Pero modestus",NA,NA,NA,NA,NA,NA,NA,NA,NA,NA,NA,NA,NA,NA
"Eacles imperialis",85,NA,"Eacles imperialis","P","U","N","","N","",NA,NA,NA,NA,NA
"Protagrotis niveivenosa",NA,NA,NA,NA,NA,NA,NA,NA,NA,NA,NA,NA,NA,NA
"Apamea auranticolor",NA,NA,NA,NA,NA,NA,NA,NA,NA,NA,NA,NA,NA,NA
"Apamea commoda",NA,NA,NA,NA,NA,NA,NA,NA,NA,NA,NA,NA,NA,NA
"Apamea scoparia",NA,NA,NA,NA,NA,NA,NA,NA,NA,NA,NA,NA,NA,NA
"Digrammia pictipennata",NA,NA,NA,NA,NA,NA,NA,NA,NA,NA,NA,NA,NA,NA
"Dysstroma brunneata",NA,NA,NA,NA,NA,NA,NA,NA,NA,NA,NA,NA,NA,NA
"Eurois occulta",NA,NA,NA,NA,NA,NA,NA,NA,NA,NA,NA,NA,NA,NA
"Melemaea magdalena",NA,NA,NA,NA,NA,NA,NA,NA,NA,NA,NA,NA,NA,NA
"Baileya ophthalmica",NA,NA,NA,NA,NA,NA,NA,NA,NA,NA,NA,NA,NA,NA
"Celastrina serotina",NA,NA,NA,NA,NA,NA,NA,NA,NA,NA,NA,NA,NA,NA
"Chionodes thoraceochrella",NA,NA,NA,NA,NA,NA,NA,NA,NA,NA,NA,NA,NA,NA
"Lethe anthedon",NA,NA,NA,NA,NA,NA,NA,NA,NA,NA,NA,NA,NA,NA
"Lobophora montanata",NA,NA,NA,NA,NA,NA,NA,NA,NA,NA,NA,NA,NA,NA
"Syngrapha angulidens",NA,NA,NA,NA,NA,NA,NA,NA,NA,NA,NA,NA,NA,NA
"Syngrapha viridisigma",NA,NA,NA,NA,NA,NA,NA,NA,NA,NA,NA,NA,NA,NA
"Drasteria howlandii",NA,NA,NA,NA,NA,NA,NA,NA,NA,NA,NA,NA,NA,NA
"Epicallima argenticinctella",NA,NA,NA,NA,NA,NA,NA,NA,NA,NA,NA,NA,NA,NA
"Grammia incorrupta",NA,NA,NA,NA,NA,NA,NA,NA,NA,NA,NA,NA,NA,NA
"Hydraecia medialis",NA,NA,NA,NA,NA,NA,NA,NA,NA,NA,NA,NA,NA,NA
"Noctua pronuba",NA,NA,NA,NA,NA,NA,NA,NA,NA,NA,NA,NA,NA,NA
"Anageshna primordialis",NA,NA,NA,NA,NA,NA,NA,NA,NA,NA,NA,NA,NA,NA
"Aristotelia rubidella",NA,NA,NA,NA,NA,NA,NA,NA,NA,NA,NA,NA,NA,NA
"Chionodes mediofuscella",NA,NA,NA,NA,NA,NA,NA,NA,NA,NA,NA,NA,NA,NA
"Crambidia casta",NA,NA,NA,NA,NA,NA,NA,NA,NA,NA,NA,NA,NA,NA
"Euptoieta claudia",109,NA,"Euptoieta claudia","A","M","D","","N","","A","M","",NA,""
"Brephidium exile",NA,NA,NA,NA,NA,NA,NA,NA,NA,"P (M?)","M","",NA,""
"Polygonia progne",NA,NA,NA,NA,NA,NA,NA,NA,NA,"A","M","",NA,""
"Olethreutes glaciana",NA,NA,NA,NA,NA,NA,NA,NA,NA,NA,NA,NA,NA,NA
"Plutella xylostella",NA,NA,NA,NA,NA,NA,NA,NA,NA,NA,NA,NA,NA,NA
"Lambdina fiscellaria",NA,NA,NA,NA,NA,NA,NA,NA,NA,NA,NA,NA,NA,NA
"Pococera asperatella",NA,NA,NA,NA,NA,NA,NA,NA,NA,NA,NA,NA,NA,NA
"Scoparia biplagialis",NA,NA,NA,NA,NA,NA,NA,NA,NA,NA,NA,NA,NA,NA
"Agonopterix canadensis",NA,NA,NA,NA,NA,NA,NA,NA,NA,NA,NA,NA,NA,NA
"Coleotechnites piceaella",NA,NA,NA,NA,NA,NA,NA,NA,NA,NA,NA,NA,NA,NA
"Elachista illectella",NA,NA,NA,NA,NA,NA,NA,NA,NA,NA,NA,NA,NA,NA
"Phyllocnistis populiella",NA,NA,NA,NA,NA,NA,NA,NA,NA,NA,NA,NA,NA,NA
"Acrocercops astericola",NA,NA,NA,NA,NA,NA,NA,NA,NA,NA,NA,NA,NA,NA
"Dahlica lichenella",NA,NA,NA,NA,NA,NA,NA,NA,NA,NA,NA,NA,NA,NA
"Phyllocnistis vitegenella",NA,NA,NA,NA,NA,NA,NA,NA,NA,NA,NA,NA,NA,NA
"Psyche casta",NA,NA,NA,NA,NA,NA,NA,NA,NA,NA,NA,NA,NA,NA
